City_ID,City,Lat,Lng,Max Temp,Humidity,Cloudiness,Wind Speed,Country,Date
0,waitangi,-43.9535,-176.5597,283.61,98,100,4.92,NZ,1721626829
1,invercargill,-46.4,168.35,280.38,82,100,0.89,NZ,1721626830
2,sant antoni de portmany,38.9807,1.3036,295.14,79,20,2.06,ES,1721626831
3,nishinoomote,30.7333,131.0,305.46,66,40,4.63,JP,1721626832
4,jamestown,42.097,-79.2353,290.38,91,99,0.82,US,1721626686
5,portage,41.1667,-81.1998,292.69,80,0,1.54,US,1721626835
6,axim,4.8699,-2.2405,297.18,83,72,2.99,GH,1721626836
7,papatowai,-46.5619,169.4708,281.12,76,91,6.3,NZ,1721626837
8,prince rupert,54.3161,-130.3201,288.98,90,100,1.03,CA,1721626838
9,edinburgh of the seven seas,-37.0676,-12.3116,284.26,71,81,11.06,SH,1721626839
10,dunedin,-45.8742,170.5036,280.26,77,100,4.02,NZ,1721626841
11,puerto natales,-51.7236,-72.4875,279.18,73,100,6.64,CL,1721626842
12,coahuayana de hidalgo,18.7,-103.6583,298.54,91,99,1.62,MX,1721626843
13,codrington,-38.2667,141.9667,288.11,80,100,6.65,AU,1721626845
14,tolanaro,-25.0319,46.9987,292.19,94,20,2.06,MG,1721626846
15,iqaluit,63.7506,-68.5145,283.0,76,40,7.72,CA,1721626847
16,albany,42.6001,-73.9662,291.44,61,100,1.3,US,1721626469
17,bengkulu,-3.8004,102.2655,303.49,65,17,5.83,ID,1721626849
18,paramonga,-10.6667,-77.8333,289.14,85,65,3.09,PE,1721626851
19,jayapura,-2.5333,140.7,300.81,79,78,1.65,ID,1721626852
20,gadzhiyevo,69.2551,33.3362,294.41,51,32,6.27,RU,1721626854
21,port-aux-francais,-49.35,70.2167,277.0,93,100,7.33,TF,1721626855
22,namibe,-15.1961,12.1522,288.9,91,4,3.06,AO,1721626856
23,badger,64.8,-147.5333,299.08,57,20,1.54,US,1721626858
24,carnarvon,-24.8667,113.6333,295.45,62,69,5.85,AU,1721626859
25,semera,11.501,41.201,302.22,54,100,3.69,ET,1721626860
26,saint-philippe,-21.3585,55.7679,297.92,68,0,1.75,RE,1721626861
27,chibougamau,49.9168,-74.3659,282.94,93,100,2.06,CA,1721626863
28,enewetak,11.3474,162.3373,301.7,80,57,7.87,MH,1721626864
29,saipan,15.1355,145.701,304.54,70,40,7.72,MP,1721626865
30,margaret river,-33.95,115.0667,290.23,76,56,9.16,AU,1721626866
31,hawaiian paradise park,19.5933,-154.9731,297.61,83,66,2.52,US,1721626867
32,isafjordur,66.0755,-23.124,278.57,89,100,5.03,IS,1721626869
33,ilulissat,69.2167,-51.1,281.16,76,100,1.03,GL,1721626870
34,tiksi,71.6872,128.8694,278.58,94,100,4.12,RU,1721626871
35,kostyantynivka,48.5277,37.7069,301.84,28,100,3.88,UA,1721626873
36,sefrou,33.8319,-4.828,289.68,63,0,2.06,MA,1721626811
37,grytviken,-54.2811,-36.5092,271.11,83,37,4.27,GS,1721626875
38,nikki,9.9401,3.2108,294.56,96,81,2.79,BJ,1721626876
39,georgetown,5.4112,100.3354,306.12,62,20,4.12,MY,1721626879
40,meiningen,50.5679,10.4152,293.05,93,46,2.14,DE,1721626880
41,boa vista,2.8197,-60.6733,297.14,94,40,1.54,BR,1721626881
42,greenville,35.6127,-77.3663,298.24,97,75,2.57,US,1721626727
43,blackmans bay,-43.0167,147.3167,288.56,64,98,1.34,AU,1721626883
44,ushuaia,-54.8,-68.3,275.96,70,75,7.2,AR,1721626614
45,panorama,40.5878,23.0315,302.47,59,47,0.89,GR,1721626885
46,mtimbira,-8.7833,36.35,295.79,64,74,0.39,TZ,1721626886
47,mogadishu,2.0371,45.3438,300.08,78,75,8.75,SO,1721626809
48,ribeira grande,38.5167,-28.7,294.69,85,8,2.24,PT,1721626889
49,ashburton,-37.8626,145.0794,290.38,67,65,4.47,AU,1721626890
50,severo-yeniseyskiy,60.3725,93.0408,297.77,47,71,2.18,RU,1721626891
51,harper,4.375,-7.7169,296.97,84,100,4.3,LR,1721626892
52,hirara,24.8,125.2833,307.07,79,40,9.26,JP,1721626893
53,lamu,-2.2717,40.902,298.6,67,94,6.83,KE,1721626894
54,bac lieu,9.285,105.7244,304.33,64,89,6.28,VN,1721626895
55,suva,-18.1416,178.4415,299.86,78,75,2.06,FJ,1721626801
56,west island,-12.1568,96.8225,302.14,74,74,8.75,CC,1721626897
57,mont-dore,-22.2833,166.5833,296.14,64,31,2.13,NC,1721626900
58,puerto ayora,-0.7393,-90.3518,294.01,90,83,2.68,EC,1721626901
59,adamstown,-25.066,-130.1015,292.06,55,92,7.35,PN,1721626902
60,puerto cortez,15.8333,-87.95,299.38,89,100,2.46,HN,1721626903
61,port alfred,-33.5906,26.891,284.79,73,0,3.93,ZA,1721626904
62,bilibino,68.0546,166.4372,288.02,75,100,1.17,RU,1721626905
63,susuman,62.7833,148.1667,291.43,69,100,1.28,RU,1721626906
64,zhezqazghan,47.7833,67.7667,302.47,30,0,3.0,KZ,1721626907
65,port angeles,48.1181,-123.4307,289.65,71,0,7.72,US,1721626901
66,meizhou,24.2977,116.1072,308.38,48,69,2.31,CN,1721626910
67,anadyr,64.75,177.4833,289.43,82,75,7.0,RU,1721626911
68,port lincoln,-34.7333,135.8667,289.12,58,84,7.96,AU,1721626912
69,bubaque,11.2833,-15.8333,299.81,84,96,6.7,GW,1721626913
70,olonkinbyen,70.9221,-8.7187,278.26,95,93,8.28,SJ,1721626914
71,north bend,43.4065,-124.2243,288.63,94,100,6.17,US,1721626915
72,aasiaat,68.7098,-52.8699,276.0,87,69,1.46,GL,1721626916
73,chui,-33.6971,-53.4616,284.24,96,77,2.99,UY,1721626917
74,shijiang,27.0819,110.7933,310.09,40,0,0.82,CN,1721626919
75,ola,59.5833,151.2833,288.71,87,99,1.41,RU,1721626920
76,matadi,-5.8167,13.45,293.45,87,58,1.17,CD,1721626921
77,dryden,49.7833,-92.7503,291.31,77,100,2.06,CA,1721626922
78,santiago,-33.4569,-70.6483,284.36,65,6,0.3,CL,1721626679
79,longyearbyen,78.2186,15.6401,282.06,93,75,3.09,SJ,1721626924
80,avarua,-21.2078,-159.775,296.18,73,75,3.09,CK,1721626926
81,albufeira,37.0882,-8.2503,296.49,57,0,2.25,PT,1721626927
82,ghanzi,-21.5667,21.7833,287.26,22,44,2.6,BW,1721626929
83,udachny,66.4167,112.4,292.5,40,29,7.7,RU,1721626930
84,betio village,1.358,172.9211,304.17,73,5,6.43,KI,1721626931
85,hermanus,-34.4187,19.2345,276.93,80,21,2.86,ZA,1721626932
86,usinsk,65.9939,57.5281,286.86,59,100,3.45,RU,1721626933
87,urzhar,47.093,81.6294,302.69,30,35,2.88,KZ,1721626934
88,belle fourche,44.6714,-103.8522,293.9,42,43,1.77,US,1721626935
89,kapuskasing,49.4169,-82.4331,285.2,100,40,0.0,CA,1721626936
90,baley,51.6,116.6333,305.1,16,7,4.22,RU,1721626937
91,mateur,37.0405,9.6656,298.94,66,19,9.57,TN,1721626939
92,tshikapa,-6.4167,20.8,297.46,25,64,0.3,CD,1721626940
93,caribou,46.8606,-68.012,287.39,77,100,2.06,US,1721626941
94,swakopmund,-22.6833,14.5333,284.81,85,77,1.39,NA,1721626942
95,arraial do cabo,-22.9661,-42.0278,292.48,84,0,4.03,BR,1721626943
96,vadso,70.0744,29.7487,297.64,60,0,0.51,NO,1721626944
97,atafu village,-8.5421,-172.5159,301.65,75,0,9.55,TK,1721626945
98,revda,56.801,59.9303,285.8,74,100,4.35,RU,1721626946
99,thunder bay,48.4001,-89.3168,285.14,94,0,2.57,CA,1721626948
100,la'ie,21.6477,-157.9253,300.81,80,57,2.68,US,1721626949
101,bethel,41.3712,-73.414,294.77,89,0,1.54,US,1721626950
102,klyuchi,52.2667,79.1667,296.69,63,80,5.36,RU,1721626951
103,sao vicente,-23.9631,-46.3919,294.25,76,1,0.64,BR,1721626952
104,hirtshals,57.5881,9.9592,290.28,98,100,3.29,DK,1721626953
105,monte carmelo,-18.7247,-47.4986,287.59,53,6,2.02,BR,1721626954
106,vila velha,-20.3297,-40.2925,293.12,95,75,0.89,BR,1721626810
107,tura,25.5198,90.2201,302.67,76,79,2.68,IN,1721626956
108,sault ste. marie,46.5168,-84.3333,286.31,88,0,0.0,CA,1721626819
109,caleta de carquin,-11.0925,-77.6267,289.1,83,34,3.6,PE,1721626959
110,fuglafjordur,62.244,-6.814,284.41,82,31,6.65,FO,1721626960
111,nova sintra,14.8667,-24.7167,297.2,80,12,2.21,CV,1721626961
112,giado,31.9582,12.0203,303.66,26,0,5.08,LY,1721626962
113,shats'k,51.5021,23.9381,296.39,61,0,2.88,UA,1721626964
114,baikunthpur,23.25,82.55,304.78,62,87,1.8,IN,1721626965
115,chehalis,46.662,-122.964,289.03,86,100,2.57,US,1721626966
116,ust-nera,64.5667,143.2,293.21,65,100,2.09,RU,1721626967
117,salinas de hidalgo,22.6333,-101.7167,289.68,77,25,5.8,MX,1721626969
118,college,64.8569,-147.8028,299.12,49,20,1.54,US,1721626971
119,fomboni,-12.28,43.7425,298.38,64,64,4.98,KM,1721626972
120,polyarnyy,69.1989,33.4478,293.86,51,31,5.83,RU,1721626973
121,bonthe,7.5264,-12.505,297.32,92,93,3.29,SL,1721626974
122,ushachy,55.1786,28.6035,292.67,76,36,1.12,BY,1721626975
123,valdosta,30.8327,-83.2785,298.14,94,75,0.0,US,1721626976
124,bardai,11.65,7.2333,294.08,94,91,4.08,NG,1721626977
125,mogocha,53.7333,119.7667,303.5,26,71,1.11,RU,1721626978
126,cabo san lucas,22.8909,-109.9124,303.76,58,0,2.24,MX,1721626980
127,pisco,-13.7,-76.2167,285.38,87,20,2.06,PE,1721626981
128,george town,5.4112,100.3354,306.12,62,20,4.12,MY,1721626879
129,st. john's,47.5649,-52.7093,289.9,93,40,8.75,CA,1721626983
130,oppdal,62.5943,9.6912,288.9,86,91,2.44,NO,1721626984
131,council bluffs,41.2619,-95.8608,294.64,88,75,2.57,US,1721626968
132,kerikeri,-35.2268,173.9474,286.99,88,90,1.34,NZ,1721626986
133,sterling,39.0062,-77.4286,298.79,79,97,1.34,US,1721626792
134,santana,-0.0583,-51.1817,299.25,94,40,2.06,BR,1721626989
135,thompson,55.7435,-97.8558,288.24,82,100,5.14,CA,1721626990
136,mejit,10.2753,170.8646,301.51,79,61,7.26,MH,1721626991
137,vorgashor,67.5833,63.95,284.97,54,100,3.14,RU,1721626992
138,aitape,-3.1374,142.3475,300.44,84,100,2.38,PG,1721626993
139,bredasdorp,-34.5322,20.0403,278.7,90,8,1.79,ZA,1721626994
140,kodiak,57.79,-152.4072,288.88,77,0,2.06,US,1721626995
141,fortuna,40.5982,-124.1573,288.11,92,100,4.63,US,1721626997
142,mandan,46.8267,-100.8896,295.14,91,75,1.54,US,1721626998
143,kingston,17.997,-76.7936,302.68,79,20,2.06,JM,1721626999
144,ciudad lazaro cardenas,17.9583,-102.2,299.62,82,95,1.4,MX,1721627000
145,bodo,67.28,14.405,295.17,56,0,8.75,NO,1721626960
146,fort st. john,56.2499,-120.8529,299.09,44,75,5.66,CA,1721627002
147,changde,29.0464,111.6783,311.77,40,90,4.62,CN,1721627003
148,yellowknife,62.456,-114.3525,292.44,72,75,1.03,CA,1721627004
149,egersund,58.4513,5.9997,287.64,84,62,5.68,NO,1721627005
150,gwangju,35.1547,126.9156,303.68,70,85,4.9,KR,1721627007
151,lihue,21.9789,-159.3672,298.91,83,75,5.66,US,1721627008
152,khandyga,62.6667,135.6,290.18,83,100,1.61,RU,1721627009
153,touros,-5.1989,-35.4608,294.62,92,69,5.09,BR,1721627010
154,nha trang,12.25,109.1833,306.15,55,99,3.2,VN,1721627011
155,whitehorse,60.7161,-135.0538,289.58,88,100,7.2,CA,1721627012
156,shenjiamen,29.9576,122.298,301.69,83,41,8.48,CN,1721627013
157,askoy,60.4092,5.226,288.12,100,20,1.54,NO,1721627014
158,port mathurin,-19.6833,63.4167,295.75,68,6,7.24,MU,1721627016
159,tshabong,-26.05,22.45,282.88,22,81,3.68,BW,1721627017
160,slave lake,55.2834,-114.769,295.14,73,0,1.03,CA,1721627018
161,selfoss,63.9331,-20.9971,282.62,83,99,7.89,IS,1721627019
162,sao felix do xingu,-6.6447,-51.995,292.73,51,0,1.03,BR,1721627020
163,san luis de la loma,17.2706,-100.8939,298.36,86,100,1.87,MX,1721627021
164,kamakwie,9.5,-12.2333,295.47,99,100,1.29,SL,1721627022
165,el calafate,-50.3408,-72.2768,276.81,96,91,3.66,AR,1721627023
166,cromwell,41.5951,-72.6454,295.44,90,75,0.0,US,1721627024
167,genhe,50.7833,121.5167,303.52,29,1,1.22,CN,1721626833
168,huarmey,-10.0681,-78.1522,289.41,86,48,3.51,PE,1721627027
169,gilgit,35.9221,74.3087,302.65,32,34,1.31,PK,1721627028
170,orapa,-21.2833,25.3667,287.64,34,3,2.18,BW,1721627029
171,oamaru,-45.0784,170.9801,281.69,67,81,8.18,NZ,1721627030
172,nagqu,31.5,92.0,287.83,60,99,3.33,CN,1721627031
173,hithadhoo,-0.6,73.0833,302.87,70,40,6.47,MV,1721627032
174,chonchi,-42.6128,-73.8092,278.71,94,58,0.97,CL,1721627033
175,mahdia,35.5047,11.0622,301.12,71,7,10.42,TN,1721627034
176,remire-montjoly,4.9167,-52.2667,297.17,94,0,0.0,GF,1721627035
177,tofol,5.3248,163.0078,304.03,70,75,3.6,FM,1721627037
178,sao joao da barra,-21.6403,-41.0511,292.55,86,11,1.23,BR,1721627038
179,ancud,-41.8697,-73.8203,280.05,91,5,0.51,CL,1721627039
180,guerrero negro,27.9769,-114.0611,293.74,86,79,5.09,MX,1721627040
181,motygino,58.1831,94.7592,302.49,38,23,0.64,RU,1721627041
182,rio grande,-32.035,-52.0986,285.9,96,27,2.86,BR,1721626827
183,alofi,-19.0595,-169.9187,297.84,72,31,8.61,NU,1721627043
184,punta arenas,-53.15,-70.9167,279.21,52,75,14.4,CL,1721627046
185,labuan,5.2767,115.2417,304.35,66,20,2.06,MY,1721627047
186,gizo,-8.103,156.8419,301.18,81,77,7.42,SB,1721627048
187,tutoia,-2.7619,-42.2744,297.74,82,50,4.68,BR,1721627049
188,amos,48.5669,-78.1162,284.03,84,92,1.66,CA,1721627050
189,chernyshevskiy,63.0128,112.4714,295.78,74,39,3.82,RU,1721627051
190,montepuez,-13.1256,38.9997,293.6,59,19,2.31,MZ,1721627052
191,kirovo-chepetsk,58.5539,50.0399,291.28,50,0,4.87,RU,1721627053
192,bikenibeu village,1.3673,173.1241,304.13,70,20,5.14,KI,1721627054
193,tucurui,-3.7661,-49.6725,294.79,61,2,1.37,BR,1721627056
194,erenhot,43.6475,111.9767,306.84,21,0,8.2,CN,1721627057
195,acapulco de juarez,16.8634,-99.8901,300.05,83,100,0.0,MX,1721627058
196,palikir - national government center,6.9248,158.1611,301.61,75,36,3.91,FM,1721627059
197,vila franca do campo,37.7167,-25.4333,296.38,87,1,1.86,PT,1721627060
198,salinopolis,-0.6136,-47.3561,298.85,84,0,3.58,BR,1721627061
199,alexandria,31.2156,29.9553,302.99,60,0,2.61,EG,1721626838
200,minas de marcona,-15.2119,-75.1103,282.78,90,56,4.35,PE,1721627063
201,altamira,-3.2033,-52.2064,298.67,56,35,1.14,BR,1721627041
202,port elizabeth,-33.918,25.5701,281.31,90,0,3.6,ZA,1721626811
203,wailua homesteads,22.0669,-159.378,298.57,80,75,5.66,US,1721627067
204,happy valley-goose bay,53.3168,-60.3315,284.32,71,75,3.09,CA,1721627068
205,constantia,44.1833,28.65,296.53,62,0,3.42,RO,1721627069
206,ludus,46.4833,24.1,294.27,65,9,1.45,RO,1721627070
207,nemuro,43.3236,145.575,293.48,87,23,6.84,JP,1721627071
208,patacamaya,-17.2333,-67.9167,275.18,88,6,3.34,BO,1721627072
209,natal,-5.795,-35.2094,295.27,83,20,3.6,BR,1721627042
210,rosarito,32.3333,-117.0333,293.16,83,39,2.05,MX,1721627076
211,lata,40.1629,-8.3327,287.64,44,0,1.82,PT,1721627077
212,nadym,65.5333,72.5167,290.42,43,7,4.06,RU,1721627079
213,yaroslavl,57.6299,39.8737,293.04,77,0,5.0,RU,1721627012
214,boskovice,49.4875,16.66,296.38,56,0,1.16,CZ,1721627081
215,jasper,37.2001,-94.3502,292.52,89,20,0.0,US,1721627082
216,wenling,28.3669,121.36,303.78,74,19,5.2,CN,1721627085
217,thief river falls,48.1191,-96.1812,292.11,77,0,1.54,US,1721627086
218,hemsby,52.6971,1.6918,289.28,82,6,3.97,GB,1721627087
219,smolensk,55.0,33.0,292.57,76,14,1.53,RU,1721627088
220,valdivia,-39.8142,-73.2459,273.2,98,4,1.14,CL,1721627089
221,qaqortoq,60.7167,-46.0333,278.3,94,100,0.26,GL,1721627091
222,morondava,-20.2833,44.2833,294.88,53,0,0.77,MG,1721627092
223,albertina,-22.2008,-46.6158,286.13,54,0,2.02,BR,1721627093
224,kruisfontein,-34.0033,24.7314,280.52,80,0,2.75,ZA,1721627094
225,sorsk,54.0033,90.2467,290.23,86,100,2.46,RU,1721627097
226,armacao de buzios,-22.7469,-41.8817,289.18,87,0,3.75,BR,1721627098
227,lompoc,34.6391,-120.4579,287.23,87,100,3.6,US,1721627099
228,kirensk,57.7853,108.1119,301.12,57,90,0.74,RU,1721627101
229,olyokminsk,60.3736,120.4264,305.97,28,5,1.59,RU,1721627102
230,mugia,43.1041,-9.2179,288.66,82,0,8.28,ES,1721627103
231,newman,37.3138,-121.0208,302.28,48,1,2.35,US,1721627104
232,yarmouth,41.7057,-70.2286,294.83,93,0,1.34,US,1721627106
233,chabahar,25.2919,60.643,303.8,73,72,5.32,IR,1721627107
234,pandan,14.0453,124.1694,299.82,90,100,5.64,PH,1721627108
235,rikaze,29.25,88.8833,294.83,33,100,0.34,CN,1721627109
236,mossel bay,-34.1831,22.146,278.11,76,3,1.45,ZA,1721627110
237,hasaki,35.7333,140.8333,310.53,77,29,3.38,JP,1721627111
238,tarasivtsi,48.2053,26.3699,291.64,90,78,2.4,RO,1721627112
239,la passe,45.5549,-0.8967,289.83,68,76,2.21,FR,1721627113
240,richards bay,-28.783,32.0377,290.08,83,19,2.3,ZA,1721627114
241,margate,51.3813,1.3862,289.19,77,8,5.67,GB,1721627116
242,geraldton,-28.7667,114.6,294.38,49,78,5.14,AU,1721627117
243,maragogi,-9.0122,-35.2225,296.42,81,95,5.29,BR,1721627118
244,bagepalli,13.7847,77.7931,298.68,65,100,9.79,IN,1721627119
245,ula,22.7225,88.5556,305.14,79,75,4.12,IN,1721627120
246,christchurch,-43.5333,172.6333,281.86,82,100,8.23,NZ,1721627121
247,inirida,3.8653,-67.9239,293.93,99,91,0.85,CO,1721627122
248,zhanaozen,43.3,52.8,302.46,39,9,3.74,KZ,1721627123
249,taro,-8.3862,115.28,299.15,63,39,1.64,ID,1721627124
250,mount pearl,47.5166,-52.7813,289.44,93,40,8.75,CA,1721627126
251,east london,-33.0153,27.9116,283.67,71,0,3.6,ZA,1721627127
252,tazovsky,67.4667,78.7,284.26,49,22,4.41,RU,1721627128
253,cassilandia,-19.1133,-51.7342,290.84,47,1,1.53,BR,1721627026
254,stephenville,32.2207,-98.2023,296.58,90,95,2.14,US,1721627131
255,kuta,-8.7233,115.1723,303.12,70,40,6.69,ID,1721627132
256,kununurra,-15.7667,128.7333,301.14,20,12,5.14,AU,1721627133
257,siwa oasis,29.2041,25.5195,305.24,36,0,3.67,EG,1721627134
258,qingnian,36.8456,115.7117,309.69,51,48,5.46,CN,1721627136
259,orita eruwa,7.55,3.4333,294.03,98,55,0.94,NG,1721627137
260,qingdao,36.0986,120.3719,296.93,100,100,1.0,CN,1721627138
261,tefe,-3.3542,-64.7114,295.04,77,69,1.18,BR,1721627139
262,new norfolk,-42.7826,147.0587,289.22,68,100,3.1,AU,1721627140
263,thinadhoo,0.5333,72.9333,302.54,71,70,5.08,MV,1721627141
264,hinis,39.3606,41.7022,295.69,50,0,1.77,TR,1721627142
265,nizhneangarsk,55.7833,109.55,295.97,52,95,2.46,RU,1721627143
266,mount isa,-20.7333,139.5,298.02,15,0,5.66,AU,1721627145
267,brookings,44.3114,-96.7984,292.34,95,0,2.06,US,1721626906
268,cody,44.5263,-109.0565,294.27,39,0,1.54,US,1721627147
269,dudinka,69.4058,86.1778,284.81,44,23,7.43,RU,1721627148
270,ginir,7.1333,40.7,291.48,71,100,3.94,ET,1721627149
271,hamilton,39.1834,-84.5333,295.91,75,75,0.0,US,1721627020
272,benguela,-12.5763,13.4055,293.21,82,12,1.02,AO,1721627151
273,lazaro cardenas,17.9583,-102.2,299.62,82,95,1.4,MX,1721627152
274,antsiranana,-12.2787,49.2917,299.57,57,20,7.2,MG,1721627153
275,gamba,-2.65,10.0,293.71,92,38,1.35,GA,1721627154
276,salym,60.0625,71.4789,292.37,38,89,3.19,RU,1721627156
277,bechar,31.6167,-2.2167,306.33,16,20,2.57,DZ,1721627157
278,saint-denis,48.9167,2.3333,289.92,82,0,3.6,FR,1721627158
279,leninsk,48.7119,45.1994,303.94,27,79,2.24,RU,1721627159
280,aral,40.5156,81.2636,306.19,24,100,0.77,CN,1721627160
281,berwick,41.0545,-76.2333,292.98,90,100,1.34,US,1721627161
282,kharabali,47.4196,47.2568,303.67,30,69,1.79,RU,1721627163
283,aykhal,66.0,111.5,291.59,42,36,7.07,RU,1721627165
284,moya,28.0906,-15.5883,292.08,87,48,6.76,ES,1721627166
285,launceston,-41.45,147.1667,286.95,82,40,8.75,AU,1721627167
286,lesina,41.8594,15.3527,298.63,61,46,2.23,IT,1721627168
287,tarauaca,-8.1614,-70.7656,295.32,69,2,1.11,BR,1721627169
288,caetes,-8.7731,-36.6225,286.89,95,50,2.82,BR,1721627170
289,pionerskiy,54.9508,20.2275,294.06,77,21,3.97,RU,1721627171
290,guadalajara,20.6667,-103.3333,292.02,88,40,1.54,MX,1721626863
291,fuerte olimpo,-21.0415,-57.8738,292.87,35,15,1.84,PY,1721627173
292,colon,9.3592,-79.9014,298.12,89,97,1.34,PA,1721627175
293,luumaki,60.9262,27.5814,294.18,68,3,2.38,FI,1721627176
294,vikhorevka,56.1201,101.1636,300.92,42,100,1.7,RU,1721627177
295,usogorsk,63.4106,48.6872,293.35,33,75,1.9,RU,1721627178
296,oltinko'l,40.8011,72.1634,311.98,12,0,4.3,UZ,1721627179
297,petropavlovsk-kamchatsky,53.0452,158.6483,291.48,68,20,6.0,RU,1721627180
298,upata,8.0086,-62.3989,294.7,98,93,1.31,VE,1721627181
299,afaahiti,-17.75,-149.2833,296.08,67,99,10.99,PF,1721627182
300,fada,7.25,4.0667,294.13,99,61,0.59,NG,1721627183
301,crixas,-14.5489,-49.9692,291.82,47,0,2.05,BR,1721627186
302,harstad,68.799,16.5293,295.81,58,32,9.39,NO,1721627187
303,talnakh,69.4865,88.3972,285.1,44,12,7.23,RU,1721627188
304,jawf al maqbabah,13.8378,45.8349,303.06,53,100,1.68,YE,1721627189
305,fisterra,42.9049,-9.2629,288.57,79,0,7.51,ES,1721627190
306,uturoa,-16.7333,-151.4333,297.44,68,74,11.07,PF,1721627191
307,port lavaca,28.615,-96.6261,301.14,94,0,2.06,US,1721627192
308,sungai raya,0.7,108.9,304.57,63,94,5.78,ID,1721627194
309,yeniseysk,58.4497,92.1703,300.94,49,88,0.46,RU,1721627004
310,sungai penuh,-2.0833,101.3833,301.06,51,40,3.27,ID,1721627196
311,cagsiay,14.2167,121.75,299.23,84,100,5.19,PH,1721627197
312,howrah,22.5892,88.3103,305.15,79,75,4.12,IN,1721627055
313,timimoun,29.2639,0.231,305.36,11,0,3.6,DZ,1721627199
314,ubauro,28.1652,69.7289,313.48,32,86,5.82,PK,1721627200
315,utrik,11.2278,169.8474,301.17,81,76,7.22,MH,1721627201
316,paracale,14.2804,122.7881,299.15,88,100,6.81,PH,1721627202
317,mitu,1.1983,-70.1733,294.19,97,97,0.6,CO,1721627204
318,eastbourne,50.7687,0.2845,290.22,89,15,2.24,GB,1721627205
319,clarkston heights-vineland,46.3874,-117.083,304.88,32,22,0.73,US,1721627206
320,yanbu,24.0891,38.0637,303.17,79,20,1.54,SA,1721627207
321,kananga,-5.8958,22.4178,296.61,36,25,0.61,CD,1721627208
322,monte alegre,-2.0078,-54.0692,295.96,76,0,1.73,BR,1721627210
323,queenstown,-31.8976,26.8753,277.99,34,1,2.03,ZA,1721627211
324,melekeok village,7.4957,134.6367,306.46,66,75,4.63,PW,1721627212
325,vysokiy,58.35,60.05,287.3,63,100,4.52,RU,1721627214
326,ishikawa,26.4233,127.8214,307.13,69,75,7.72,JP,1721627215
327,alotau,-10.3069,150.4462,297.55,90,99,2.27,PG,1721627216
328,kaa-khem,51.6833,94.7333,293.01,71,100,4.55,RU,1721627217
329,labrador city,52.9463,-66.9114,281.1,85,100,16.99,CA,1721627112
330,loch garman,52.3342,-6.4575,288.65,100,87,2.68,IE,1721627219
331,coronel dorrego,-38.7187,-61.2873,280.51,51,0,5.08,AR,1721627220
332,madalena,41.2162,-8.3345,289.68,74,0,2.18,PT,1721627221
333,ngong,-1.3618,36.6566,289.69,88,75,0.0,KE,1721627223
334,palopo,-2.9996,120.1921,301.93,67,83,1.31,ID,1721627224
335,iskateley,67.6803,53.1512,289.86,51,98,3.75,RU,1721627225
336,cururupu,-1.8283,-44.8683,295.13,94,9,0.64,BR,1721627226
337,ta`u,-14.2336,-169.5144,299.69,75,35,11.12,AS,1721627227
338,keflavik,64.0049,-22.5624,283.1,87,75,6.17,IS,1721627228
339,ringkobing,56.0901,8.244,289.14,88,75,5.66,DK,1721627229
340,toliara,-23.35,43.6667,294.82,60,0,4.47,MG,1721627224
341,karratha,-20.7377,116.8463,299.67,24,0,4.94,AU,1721627177
342,parkano,62.0167,23.0167,294.63,66,10,3.78,FI,1721627234
343,penarth,51.4394,-3.1761,291.0,96,75,5.14,GB,1721627235
344,yuzhno-kurilsk,44.0306,145.8556,296.17,78,48,1.77,RU,1721627236
345,morehead city,34.7229,-76.726,300.39,87,35,2.68,US,1721627237
346,kalmunai,7.4167,81.8167,308.41,37,94,0.95,LK,1721627238
347,lloydminster,53.2835,-110.0016,293.27,77,20,2.06,CA,1721627239
348,grand baie,-20.0182,57.5802,297.84,71,9,2.68,MU,1721627240
349,egilsstadir,65.2653,-14.3948,282.1,71,100,5.14,IS,1721627241
350,sumbawa besar,-8.5,117.4333,305.2,46,82,2.94,ID,1721627243
351,san antonio de pale,-1.4014,5.6325,295.96,78,70,1.66,GQ,1721627244
352,stanley,54.868,-1.6985,286.32,93,75,1.03,GB,1721626716
353,baikonur,45.6167,63.3167,304.76,25,69,1.78,KZ,1721627246
354,klaksvik,62.2266,-6.589,284.66,86,28,9.2,FO,1721627247
355,santo antonio,-6.3106,-35.4789,294.27,88,62,4.67,BR,1721627248
356,broadstairs,51.3591,1.4394,289.13,77,15,5.76,GB,1721627249
357,castillos,-34.1667,-53.8333,284.19,91,76,1.99,UY,1721627250
358,baker city,44.7749,-117.8344,301.99,26,0,2.06,US,1721627251
359,sitka,57.0531,-135.33,288.09,82,75,2.57,US,1721627252
360,koungou,-12.7336,45.2042,300.99,61,0,4.63,YT,1721627254
361,qulsary,46.9531,54.0198,304.72,34,36,5.42,KZ,1721627255
362,yangjiang,21.85,111.9667,304.12,70,100,7.33,CN,1721627256
363,juva,56.4368,57.9478,286.48,80,99,6.06,RU,1721627257
364,carutapera,-1.195,-46.02,296.73,90,1,2.44,BR,1721627258
365,pangkalpinang,-2.1333,106.1333,306.11,51,20,5.79,ID,1721626972
366,saint-pierre,-21.3393,55.4781,298.47,61,0,1.54,RE,1721627260
367,callao,-12.0667,-77.15,290.22,77,100,2.06,PE,1721627166
368,ahfir,34.9537,-2.1003,293.49,48,0,1.01,MA,1721627262
369,howard springs,-12.497,131.047,303.14,30,28,2.98,AU,1721627264
370,coracora,-15.0333,-73.7833,281.23,41,18,0.95,PE,1721627265
371,dem'yanovo,60.3511,47.0842,292.78,43,19,3.13,RU,1721627266
372,albania,41.0,20.0,301.75,47,0,0.13,AL,1721627267
373,maua,-23.6678,-46.4614,289.31,83,0,2.33,BR,1721627268
374,daru,-9.0763,143.2092,298.36,82,99,8.4,PG,1721627269
375,nyaunglebin,17.95,96.7333,299.47,86,100,1.76,MM,1721627271
376,lerwick,60.1545,-1.1494,285.15,84,90,1.46,GB,1721627272
377,blackfoot,43.1905,-112.345,295.86,25,5,2.77,US,1721627273
378,trevelin,-43.0858,-71.4639,277.86,83,100,1.69,AR,1721627276
379,buka,40.8108,69.1986,310.78,12,0,2.32,UZ,1721627277
380,sorong,-0.8833,131.25,300.61,81,69,6.44,ID,1721627278
381,katsuren-haebaru,26.3369,127.8719,307.16,69,75,7.72,JP,1721627279
382,beoumi,7.6736,-5.5764,295.33,96,82,2.77,CI,1721627280
383,kavaratti,10.5669,72.642,300.47,85,100,7.57,IN,1721627281
384,vorkuta,67.5,64.0,284.63,55,100,3.11,RU,1721627282
385,lorengau,-2.0226,147.2712,300.62,85,100,5.78,PG,1721627284
386,ewo,-0.8725,14.8206,297.39,52,67,1.58,CG,1721627285
387,i-n-salah,27.1935,2.4607,306.28,14,0,4.82,DZ,1721627286
388,sidney,-33.8679,151.2073,291.66,57,0,3.6,AU,1721627085
389,chishtian,29.8,72.8667,316.24,26,45,2.9,PK,1721627289
390,vilyuchinsk,52.9306,158.4028,292.3,86,75,2.33,RU,1721627290
391,maydanshakhr,34.3956,68.8662,300.13,29,0,3.06,AF,1721627291
392,quelimane,-17.8786,36.8883,289.12,93,0,0.0,MZ,1721627292
393,namdrik,5.5994,168.1028,302.08,77,25,5.82,MH,1721627294
394,markaz-e hukumat-e darweshan,31.1323,64.1934,311.32,11,53,4.46,AF,1721627295
395,zouerate,22.7187,-12.4521,305.88,27,57,7.48,MR,1721627297
396,kokshetau,53.2775,69.3883,297.33,69,0,4.0,KZ,1721627298
397,bethlehem,-1.4558,-48.5044,299.17,83,0,2.57,BR,1721627236
398,cannonvale,-20.2833,148.7,292.36,59,0,6.72,AU,1721627300
399,hotan,37.0997,79.9269,303.09,30,81,1.67,CN,1721627301
400,antigonish,45.6169,-61.9986,290.25,96,2,2.86,CA,1721627303
401,puerto armuelles,8.2833,-82.8667,300.42,87,100,0.45,PA,1721627304
402,al hazm,16.1641,44.7769,309.78,14,65,3.05,YE,1721627305
403,kelty,56.1336,-3.3869,286.01,91,100,0.89,GB,1721627306
404,sittwe,20.15,92.9,300.81,86,100,6.45,MM,1721627307
405,praia da vitoria,38.7333,-27.0667,296.35,83,75,1.46,PT,1721627308
406,changzhi,35.2089,111.7386,308.99,52,58,3.4,CN,1721627309
407,gurupi,-11.7292,-49.0686,292.76,42,32,2.71,BR,1721627310
408,taoudenni,22.6783,-3.9836,307.93,32,9,2.7,ML,1721627311
409,babayevo,59.3936,35.9371,293.99,56,15,2.75,RU,1721627313
410,hadibu,12.65,54.0333,299.7,76,100,14.52,YE,1721627314
411,kalianget,-7.05,113.9333,304.23,60,9,4.66,ID,1721627315
412,agat village,13.3886,144.6585,304.67,72,0,4.12,GU,1721627316
413,danville,36.586,-79.395,296.51,93,100,1.54,US,1721627317
414,fale old settlement,-9.3852,-171.2468,301.4,77,10,10.24,TK,1721627318
415,igarka,67.4667,86.5833,287.94,39,1,7.99,RU,1721627319
416,arkhangel'sk,64.5401,40.5433,295.21,49,0,0.0,RU,1721627156
417,tsiombe,-25.3,45.4833,295.17,66,22,2.85,MG,1721627321
418,jalalaqsi,3.3766,45.5996,299.61,67,100,9.22,SO,1721627324
419,saudarkrokur,65.7461,-19.6394,277.66,97,100,4.36,IS,1721627325
420,plymouth,41.8334,-70.8328,294.85,89,0,0.0,US,1721627327
421,wenchang,30.904,118.4887,312.21,42,44,2.0,CN,1721627328
422,annandale,38.8304,-77.1964,298.77,84,40,1.54,US,1721627278
423,abepura,-2.6333,140.5833,300.6,89,40,3.09,ID,1721627332
424,barra de santo antonio,-9.4047,-35.5072,293.75,78,95,6.21,BR,1721627333
425,portland,45.5234,-122.6762,293.34,71,0,2.24,US,1721627227
426,jirja,26.3383,31.8916,304.27,25,0,5.14,EG,1721627335
427,broken hill,-31.95,141.4333,289.1,29,0,5.09,AU,1721627336
428,baltiysk,54.6538,19.911,293.21,73,29,4.29,RU,1721627337
429,rongelap,11.1635,166.8941,301.52,80,44,7.13,MH,1721627338
430,lovington,32.944,-103.3485,292.13,92,18,2.24,US,1721627339
431,myeik,12.4333,98.6,301.84,75,100,5.21,MM,1721627340
432,taroa,8.7058,171.2275,301.5,79,83,7.68,MH,1721627342
433,cockburn town,21.4612,-71.1419,300.61,81,68,7.85,TC,1721627343
434,tobelo,1.7284,128.0095,300.03,80,100,4.46,ID,1721627344
435,korla,41.7597,86.1469,304.96,25,94,7.64,CN,1721627345
436,papao,-17.75,-149.55,296.97,65,91,11.99,PF,1721627346
437,eraan,9.0629,117.7016,304.6,66,100,6.16,PH,1721627347
438,princeville,45.7668,-61.2985,289.97,99,0,0.0,CA,1721627348
439,jining,35.405,116.5814,303.87,82,100,3.43,CN,1721627349
440,raduzhny,62.0961,77.475,291.21,36,100,4.85,RU,1721627351
441,sur,22.5667,59.5289,309.16,48,92,2.12,OM,1721627352
442,jinghong,21.991,100.7341,301.22,87,74,1.52,CN,1721627353
443,priozersk,61.0393,30.1291,294.31,73,3,3.42,RU,1721627354
444,fonte boa,-2.4959,-66.2662,294.99,93,95,1.21,BR,1721627355
445,tonekabon,36.8163,50.8738,299.12,59,41,1.87,IR,1721627356
446,lander,42.833,-108.7307,293.6,45,0,6.17,US,1721627357
447,viedma,-40.8135,-62.9967,282.87,37,0,5.87,AR,1721627358
448,berezovyy,51.6667,135.7,289.12,96,100,1.38,RU,1721627361
449,verkhniy tagil,57.3733,59.9556,286.77,69,94,4.54,RU,1721627362
450,bama,11.5221,13.6856,297.33,85,100,5.26,NG,1721627363
451,illizi,26.4833,8.4667,300.04,14,0,3.77,DZ,1721627364
452,la ceiba,15.7597,-86.7822,299.05,94,20,1.03,HN,1721627365
453,saucillo,28.0167,-105.2833,301.18,36,67,4.32,MX,1721627366
454,sumenep,-7.0167,113.8667,304.25,54,9,4.98,ID,1721627367
455,preobrazheniye,42.9019,133.9064,301.06,61,74,6.83,RU,1721627368
456,kamuli,0.9472,33.1197,292.07,96,100,1.68,UG,1721627369
457,colonia,50.9333,6.95,292.62,80,0,2.06,DE,1721627371
458,barcelos,41.5388,-8.6151,292.51,54,0,2.37,PT,1721627269
459,chebba,35.2372,11.115,299.93,75,6,10.98,TN,1721627373
460,beyneu,45.3167,55.2,300.29,51,100,2.04,KZ,1721627374
461,hudiksvall,61.729,17.1036,290.94,84,100,1.68,SE,1721627189
462,yung shue wan,22.2333,114.1167,306.83,80,100,5.4,HK,1721627377
463,aflou,34.1128,2.1023,296.39,23,0,2.1,DZ,1721627378
464,zabaykal'sk,49.6333,117.3167,302.24,41,88,6.8,RU,1721627380
465,nova vicosa,-17.8919,-39.3719,294.48,72,0,2.98,BR,1721627381
466,shuangjiang,26.1547,109.7138,308.0,42,5,2.89,CN,1721627382
467,kaga bandoro,6.9896,19.1874,294.54,98,100,1.57,CF,1721627383
468,kirakira,-10.4544,161.9205,301.46,77,36,5.73,SB,1721627384
469,kargasok,59.0556,80.8572,287.6,66,100,4.91,RU,1721627385
470,smithers,54.7804,-127.1743,297.33,33,75,3.09,CA,1721627386
471,farasan,16.7022,42.1183,304.52,74,97,6.77,SA,1721627387
472,roma,43.2128,-75.4557,291.33,94,0,0.45,US,1721627242
473,kulhudhuffushi,6.6221,73.07,301.77,78,100,4.65,MV,1721627390
474,duluth,46.7833,-92.1066,290.42,85,40,0.0,US,1721627392
475,mithi,24.7318,69.7981,307.33,63,100,3.84,PK,1721627393
476,songea,-10.6833,35.65,288.79,77,20,1.54,TZ,1721627394
477,balabac,7.9868,117.0645,302.79,74,100,5.7,PH,1721627395
478,sarnia,42.9787,-82.4041,293.68,89,100,2.57,CA,1721627110
479,joshimath,30.5667,79.5667,291.15,97,100,0.43,IN,1721627397
480,malvan,16.0667,73.4667,301.26,82,100,9.22,IN,1721627398
481,tarko-sale,64.9225,77.785,290.12,38,100,4.91,RU,1721627209
482,al jawf,29.5,38.75,304.94,20,0,6.4,SA,1721627401
483,todos santos,23.45,-110.2167,302.21,87,0,3.36,MX,1721627402
484,pangoa,-12.1167,-73.0,291.59,78,28,1.71,PE,1721627403
485,paita,-5.0892,-81.1144,289.91,87,13,5.95,PE,1721627404
486,maqat,47.65,53.3167,305.03,24,40,3.75,KZ,1721627405
487,malindi,-3.2175,40.1191,298.24,69,75,7.2,KE,1721627406
488,timbuktu,16.7735,-3.0074,303.33,50,72,4.38,ML,1721627407
489,kibaya,-5.3,36.5667,289.75,64,86,2.94,TZ,1721627408
490,nelson bay,-32.7167,152.15,291.48,56,38,0.45,AU,1721627411
491,mount gambier,-37.8333,140.7667,286.84,90,100,5.1,AU,1721627412
492,oranjemund,-28.55,16.4333,285.43,83,9,3.01,NA,1721627413
493,nivala,63.9167,24.9667,294.09,50,6,2.73,FI,1721627414
494,siwana,25.6333,72.4167,307.04,60,90,3.45,IN,1721627415
495,borgarnes,64.5383,-21.9206,283.18,88,100,3.16,IS,1721627416
496,port blair,11.6667,92.75,304.17,74,100,6.17,IN,1721627417
497,antofagasta,-23.65,-70.4,287.75,87,3,2.12,CL,1721627419
498,belyy yar,53.6039,91.3903,293.09,83,0,3.0,RU,1721627420
499,princeton,25.5384,-80.4089,302.15,89,0,0.0,US,1721627303
500,da nang,16.0678,108.2208,305.14,62,75,3.6,VN,1721627422
501,noyabrsk,63.1994,75.4507,290.19,39,100,5.05,RU,1721627423
502,la union,-5.4,-80.75,290.74,74,17,4.72,PE,1721627425
503,acajutla,13.5928,-89.8275,299.28,85,90,3.19,SV,1721627426
504,shaumiani,41.3527,44.7618,298.05,60,36,1.82,GE,1721627427
505,emerald,-23.5333,148.1667,294.45,28,0,6.24,AU,1721627428
506,poronaysk,49.2167,143.1167,286.99,98,100,2.11,RU,1721627429
507,saujon,45.6667,-0.9167,290.36,73,43,1.37,FR,1721627432
508,greymouth,-42.4667,171.2,281.79,85,54,1.55,NZ,1721627433
509,tralee,52.2704,-9.7026,286.96,92,96,2.32,IE,1721627258
510,tvoroyri,61.5556,-6.8111,283.96,91,10,9.09,FO,1721627435
511,barabai,-2.5833,115.3833,305.34,56,81,0.06,ID,1721627436
512,dien bien phu,21.3833,103.0167,303.48,72,99,1.61,VN,1721627437
513,northam,51.0333,-4.2167,290.03,96,98,7.25,GB,1721627438
514,tindouf,27.6711,-8.1474,307.4,18,37,5.14,DZ,1721627439
515,luderitz,-26.6481,15.1594,285.99,84,84,3.13,NA,1721627441
516,cidade velha,14.9167,-23.6167,298.41,78,20,1.03,CV,1721627442
517,flying fish cove,-10.4217,105.6791,300.97,65,15,5.14,CX,1721627443
518,villaviciosa,43.4813,-5.4357,289.34,90,8,1.38,ES,1721627444
519,bada,51.392,109.8717,295.34,72,100,2.09,RU,1721627445
520,ust'-kulom,61.6864,53.6902,291.92,38,46,2.73,RU,1721627446
521,port saint john's,-31.6229,29.5448,285.6,83,34,1.44,ZA,1721627448
522,bereznik,62.8551,42.7072,294.26,39,60,1.87,RU,1721627449
523,jastrebarsko,45.6683,15.6486,296.35,80,34,0.9,HR,1721627450
524,weno,7.4515,151.8468,301.81,78,51,4.95,FM,1721627451
525,monrovia,6.3005,-10.7969,298.02,86,75,5.12,LR,1721627452
526,longboat key,27.4125,-82.659,301.49,61,0,2.06,US,1721627453
527,nar'yan-mar,67.6713,53.087,289.75,51,98,3.78,RU,1721627454
528,langxiang,46.95,128.8833,302.76,46,100,4.01,CN,1721627456
529,alesund,62.4723,6.1549,287.22,93,75,1.54,NO,1721627457
530,ciudad bolivar,8.1222,-63.5497,297.49,93,94,2.67,VE,1721627458
531,meulaboh,4.1363,96.1285,303.29,69,98,3.62,ID,1721627460
532,merizo village,13.2658,144.6691,304.46,76,95,4.55,GU,1721627461
533,vanino,49.0869,140.2543,292.69,95,100,1.31,RU,1721627389
534,al mindak,20.1588,41.2834,300.93,18,99,4.26,SA,1721627463
535,behbahan,30.5959,50.2417,312.51,10,0,2.03,IR,1721627464
536,tidjikja,18.5564,-11.4271,302.73,49,38,7.02,MR,1721627465
537,kodinar,20.7903,70.7031,300.56,88,100,9.53,IN,1721627467
538,kapa'a,22.0752,-159.319,298.76,78,75,5.66,US,1721627468
539,sarkand,45.41,79.9186,303.6,27,39,4.34,KZ,1721627469
540,kedainiai,55.2883,23.9747,293.42,76,9,1.85,LT,1721627470
541,tromso,69.6496,18.957,291.16,63,0,0.51,NO,1721627471
542,kralendijk,12.15,-68.2667,302.14,79,9,5.14,BQ,1721627472
543,boca suno,-0.7167,-77.1333,294.53,81,98,0.73,EC,1721627473
544,labytnangi,66.6572,66.4183,289.26,51,98,1.44,RU,1721627474
545,leua,48.2156,18.6071,297.83,56,5,0.67,SK,1721627475
546,vilhena,-12.7406,-60.1458,291.58,41,3,1.99,BR,1721627477
547,inhambane,-23.865,35.3833,287.14,100,20,1.54,MZ,1721627478
548,avanigadda,16.0215,80.9181,303.12,55,91,7.53,IN,1721627479
549,bukama,-9.2,25.85,297.7,33,2,1.32,CD,1721627480
550,fort frances,48.5999,-93.4003,288.27,94,0,0.0,CA,1721627481
551,selma,36.5708,-119.6121,304.29,35,0,1.54,US,1721627482
552,charlotte amalie,18.3419,-64.9307,300.74,80,1,8.99,VI,1721627483
553,tari,-11.1105,14.3559,287.1,85,51,0.38,AO,1721627484
554,babu,24.4167,111.5167,309.19,47,25,3.91,CN,1721627486
555,whakatane,-37.9585,176.9854,284.69,99,100,0.45,NZ,1721627487
556,souillac,-20.5167,57.5167,296.68,78,20,0.0,MU,1721627488
557,aripuana,-9.1667,-60.6333,293.51,52,99,1.23,BR,1721627489
558,puerto baquerizo moreno,-0.9,-89.6,293.78,83,79,6.6,EC,1721627231
559,thurso,58.5927,-3.5259,284.74,81,87,0.42,GB,1721627491
560,rawson,-43.3002,-65.1023,284.4,42,1,3.77,AR,1721627492
561,beihai,21.4833,109.1,303.5,76,100,11.32,CN,1721627493
562,santa elena de uairen,4.6167,-61.1333,292.18,92,94,0.95,VE,1721627494
563,afua,-0.1567,-50.3867,296.77,92,1,1.87,BR,1721627496
564,ambovombe,-25.1667,46.0833,294.38,74,10,2.09,MG,1721627497
565,magadan,59.5667,150.8,292.1,83,99,0.31,RU,1721627499
566,holualoa,19.6228,-155.9522,296.41,92,45,4.13,US,1721627452
567,canyon,34.9803,-101.9188,294.0,84,100,6.32,US,1721627501
568,oriximina,-1.7656,-55.8661,297.63,69,5,1.18,BR,1721627502
569,chadron,42.8294,-102.9999,291.46,74,0,0.0,US,1721627503
